date,name,value,lastValue
1/1/20,Weather,17,0
1/1/20,Pizza,9,0
1/1/20,Stimulus,0,0
1/1/20,Coronavirus,0,0
1/1/20,Trump,3,0
1/2/20,Weather,18,17
1/2/20,Pizza,5,9
1/2/20,Stimulus,0,0
1/2/20,Coronavirus,0,0
1/2/20,Trump,2,3
1/3/20,Pizza,6,18
1/3/20,Stimulus,0,5
1/3/20,Coronavirus,0,0
1/3/20,Weather,17,0
1/3/20,Trump,6,2
1/4/20,Trump,5,6
1/4/20,Pizza,7,0
1/4/20,Coronavirus,0,0
1/4/20,Weather,19,17
1/4/20,Stimulus,0,6
1/5/20,Weather,17,5
1/5/20,Stimulus,0,7
1/5/20,Coronavirus,0,0
1/5/20,Trump,5,19
1/5/20,Pizza,7,0
1/6/20,Pizza,4,17
1/6/20,Trump,5,0
1/6/20,Weather,17,0
1/6/20,Coronavirus,0,5
1/6/20,Stimulus,0,7
1/7/20,Coronavirus,0,4
1/7/20,Trump,4,5
1/7/20,Pizza,4,17
1/7/20,Weather,19,0
1/7/20,Stimulus,0,0
1/8/20,Weather,19,0
1/8/20,Pizza,4,4
1/8/20,Stimulus,0,4
1/8/20,Coronavirus,0,19
1/8/20,Trump,9,0
1/9/20,Coronavirus,0,19
1/9/20,Weather,22,4
1/9/20,Stimulus,0,0
1/9/20,Pizza,4,0
1/9/20,Trump,4,9
1/10/20,Weather,27,0
1/10/20,Coronavirus,0,22
1/10/20,Trump,3,0
1/10/20,Pizza,6,4
1/10/20,Stimulus,0,4
1/11/20,Weather,34,27
1/11/20,Trump,3,0
1/11/20,Coronavirus,0,3
1/11/20,Pizza,7,6
1/11/20,Stimulus,0,0
1/12/20,Stimulus,0,34
1/12/20,Weather,24,3
1/12/20,Coronavirus,0,0
1/12/20,Pizza,7,7
1/12/20,Trump,3,0
1/13/20,Stimulus,0,0
1/13/20,Weather,23,24
1/13/20,Coronavirus,0,0
1/13/20,Trump,3,7
1/13/20,Pizza,4,3
1/14/20,Stimulus,0,0
1/14/20,Pizza,4,23
1/14/20,Trump,3,0
1/14/20,Coronavirus,0,3
1/14/20,Weather,21,4
1/15/20,Weather,22,0
1/15/20,Trump,3,4
1/15/20,Coronavirus,0,3
1/15/20,Stimulus,0,0
1/15/20,Pizza,4,21
1/16/20,Stimulus,0,22
1/16/20,Pizza,4,3
1/16/20,Trump,3,0
1/16/20,Weather,26,0
1/16/20,Coronavirus,0,4
1/17/20,Coronavirus,0,0
1/17/20,Weather,29,4
1/17/20,Pizza,6,3
1/17/20,Trump,4,26
1/17/20,Stimulus,0,0
1/18/20,Pizza,8,0
1/18/20,Coronavirus,0,29
1/18/20,Weather,29,6
1/18/20,Trump,3,4
1/18/20,Stimulus,0,0
1/19/20,Coronavirus,0,8
1/19/20,Pizza,7,0
1/19/20,Weather,21,29
1/19/20,Trump,3,3
1/19/20,Stimulus,0,0
1/20/20,Weather,20,0
1/20/20,Trump,3,7
1/20/20,Pizza,5,21
1/20/20,Stimulus,0,3
1/20/20,Coronavirus,0,0
1/21/20,Stimulus,0,20
1/21/20,Weather,20,3
1/21/20,Coronavirus,3,5
1/21/20,Pizza,4,0
1/21/20,Trump,3,0
1/22/20,Stimulus,0,0
1/22/20,Coronavirus,3,20
1/22/20,Weather,22,3
1/22/20,Pizza,4,4
1/22/20,Trump,4,3
1/23/20,Weather,19,0
1/23/20,Trump,4,3
1/23/20,Pizza,4,22
1/23/20,Coronavirus,4,4
1/23/20,Stimulus,0,4
1/24/20,Trump,4,19
1/24/20,Stimulus,0,4
1/24/20,Weather,18,4
1/24/20,Pizza,6,4
1/24/20,Coronavirus,8,0
1/25/20,Stimulus,0,4
1/25/20,Coronavirus,8,0
1/25/20,Pizza,7,18
1/25/20,Trump,4,6
1/25/20,Weather,19,8
1/26/20,Weather,15,0
1/26/20,Coronavirus,10,8
1/26/20,Pizza,6,7
1/26/20,Trump,3,4
1/26/20,Stimulus,0,19
1/27/20,Weather,15,15
1/27/20,Coronavirus,11,10
1/27/20,Pizza,4,6
1/27/20,Stimulus,0,3
1/27/20,Trump,3,0
1/28/20,Coronavirus,11,15
1/28/20,Trump,4,11
1/28/20,Stimulus,0,4
1/28/20,Weather,15,0
1/28/20,Pizza,4,3
1/29/20,Trump,4,11
1/29/20,Coronavirus,11,4
1/29/20,Pizza,4,0
1/29/20,Weather,15,15
1/29/20,Stimulus,0,4
1/30/20,Pizza,4,4
1/30/20,Stimulus,0,11
1/30/20,Trump,4,4
1/30/20,Weather,15,15
1/30/20,Coronavirus,11,0
1/31/20,Stimulus,0,4
1/31/20,Trump,4,0
1/31/20,Weather,17,4
1/31/20,Coronavirus,11,15
1/31/20,Pizza,6,11
2/1/20,Weather,17,0
2/1/20,Pizza,8,4
2/1/20,Coronavirus,9,17
2/1/20,Trump,4,11
2/1/20,Stimulus,0,6
2/2/20,Coronavirus,8,17
2/2/20,Weather,17,8
2/2/20,Trump,4,9
2/2/20,Stimulus,0,4
2/2/20,Pizza,9,0
2/3/20,Trump,6,8
2/3/20,Pizza,4,17
2/3/20,Weather,20,4
2/3/20,Coronavirus,7,0
2/3/20,Stimulus,0,9
2/4/20,Weather,22,6
2/4/20,Coronavirus,6,4
2/4/20,Stimulus,0,20
2/4/20,Trump,5,7
2/4/20,Pizza,4,0
2/5/20,Pizza,4,22
2/5/20,Coronavirus,5,6
2/5/20,Weather,25,0
2/5/20,Trump,11,5
2/5/20,Stimulus,0,4
2/6/20,Pizza,4,4
2/6/20,Weather,28,5
2/6/20,Trump,7,25
2/6/20,Coronavirus,6,11
2/6/20,Stimulus,0,0
2/7/20,Pizza,6,4
2/7/20,Trump,4,28
2/7/20,Stimulus,0,7
2/7/20,Coronavirus,6,6
2/7/20,Weather,25,0
2/8/20,Coronavirus,5,6
2/8/20,Pizza,8,4
2/8/20,Trump,4,0
2/8/20,Stimulus,0,6
2/8/20,Weather,21,25
2/9/20,Stimulus,0,5
2/9/20,Coronavirus,5,8
2/9/20,Trump,4,4
2/9/20,Pizza,9,0
2/9/20,Weather,23,21
2/10/20,Stimulus,0,0
2/10/20,Weather,21,5
2/10/20,Coronavirus,5,4
2/10/20,Pizza,5,9
2/10/20,Trump,3,23
2/11/20,Coronavirus,5,0
2/11/20,Trump,4,21
2/11/20,Pizza,4,5
2/11/20,Weather,19,5
2/11/20,Stimulus,0,3
2/12/20,Trump,4,5
2/12/20,Pizza,4,4
2/12/20,Weather,22,4
2/12/20,Coronavirus,4,19
2/12/20,Stimulus,0,0
2/13/20,Weather,22,4
2/13/20,Coronavirus,5,4
2/13/20,Stimulus,0,22
2/13/20,Trump,3,4
2/13/20,Pizza,5,0
2/14/20,Stimulus,0,22
2/14/20,Trump,3,5
2/14/20,Coronavirus,4,0
2/14/20,Pizza,7,3
2/14/20,Weather,18,5
2/15/20,Coronavirus,4,0
2/15/20,Stimulus,0,3
2/15/20,Trump,3,4
2/15/20,Pizza,9,7
2/15/20,Weather,18,18
2/16/20,Stimulus,0,4
2/16/20,Trump,4,0
2/16/20,Weather,18,3
2/16/20,Coronavirus,3,9
2/16/20,Pizza,8,18
2/17/20,Weather,18,0
2/17/20,Coronavirus,4,4
2/17/20,Pizza,5,18
2/17/20,Stimulus,0,3
2/17/20,Trump,3,8
2/18/20,Coronavirus,4,18
2/18/20,Weather,19,4
2/18/20,Stimulus,0,5
2/18/20,Pizza,4,0
2/18/20,Trump,3,3
2/19/20,Trump,4,4
2/19/20,Weather,19,19
2/19/20,Stimulus,0,0
2/19/20,Coronavirus,3,4
2/19/20,Pizza,4,3
2/20/20,Stimulus,0,4
2/20/20,Trump,4,19
2/20/20,Coronavirus,3,0
2/20/20,Pizza,5,3
2/20/20,Weather,22,4
2/21/20,Weather,19,0
2/21/20,Stimulus,0,4
2/21/20,Coronavirus,3,3
2/21/20,Trump,4,5
2/21/20,Pizza,6,22
2/22/20,Coronavirus,4,19
2/22/20,Pizza,7,0
2/22/20,Trump,3,3
2/22/20,Stimulus,0,4
2/22/20,Weather,20,6
2/23/20,Weather,19,4
2/23/20,Pizza,7,7
2/23/20,Trump,3,3
2/23/20,Stimulus,0,0
2/23/20,Coronavirus,5,20
2/24/20,Weather,20,19
2/24/20,Pizza,4,7
2/24/20,Trump,3,3
2/24/20,Coronavirus,7,0
2/24/20,Stimulus,0,5
2/25/20,Pizza,4,20
2/25/20,Stimulus,0,4
2/25/20,Coronavirus,10,3
2/25/20,Trump,3,7
2/25/20,Weather,19,0
2/26/20,Coronavirus,16,4
2/26/20,Pizza,4,0
2/26/20,Weather,20,10
2/26/20,Stimulus,0,3
2/26/20,Trump,3,19
2/27/20,Stimulus,0,16
2/27/20,Coronavirus,19,4
2/27/20,Weather,19,20
2/27/20,Pizza,5,0
2/27/20,Trump,3,3
2/28/20,Trump,3,0
2/28/20,Pizza,6,19
2/28/20,Stimulus,0,19
2/28/20,Coronavirus,18,5
2/28/20,Weather,17,3
2/29/20,Pizza,8,3
2/29/20,Weather,17,6
2/29/20,Trump,4,0
2/29/20,Stimulus,0,18
2/29/20,Coronavirus,19,17
3/1/20,Trump,3,8
3/1/20,Pizza,7,17
3/1/20,Stimulus,0,4
3/1/20,Coronavirus,17,0
3/1/20,Weather,20,19
3/2/20,Weather,19,3
3/2/20,Trump,3,7
3/2/20,Pizza,4,0
3/2/20,Stimulus,0,17
3/2/20,Coronavirus,25,20
3/3/20,Weather,19,19
3/3/20,Trump,3,3
3/3/20,Stimulus,0,4
3/3/20,Pizza,4,0
3/3/20,Coronavirus,25,25
3/4/20,Trump,4,19
3/4/20,Stimulus,0,3
3/4/20,Pizza,4,0
3/4/20,Coronavirus,23,4
3/4/20,Weather,18,25
3/5/20,Weather,18,4
3/5/20,Trump,3,0
3/5/20,Coronavirus,28,4
3/5/20,Pizza,5,23
3/5/20,Stimulus,0,18
3/6/20,Pizza,6,18
3/6/20,Weather,18,3
3/6/20,Coronavirus,30,28
3/6/20,Stimulus,0,5
3/6/20,Trump,3,0
3/7/20,Weather,19,6
3/7/20,Stimulus,0,18
3/7/20,Coronavirus,31,30
3/7/20,Pizza,8,0
3/7/20,Trump,3,3
3/8/20,Trump,3,19
3/8/20,Coronavirus,29,0
3/8/20,Stimulus,0,31
3/8/20,Pizza,7,8
3/8/20,Weather,19,3
3/9/20,Stimulus,0,3
3/9/20,Coronavirus,37,29
3/9/20,Trump,4,0
3/9/20,Weather,21,7
3/9/20,Pizza,4,19
3/10/20,Coronavirus,44,0
3/10/20,Trump,4,37
3/10/20,Stimulus,0,4
3/10/20,Weather,21,21
3/10/20,Pizza,4,4
3/11/20,Coronavirus,54,44
3/11/20,Weather,19,4
3/11/20,Stimulus,0,0
3/11/20,Trump,4,21
3/11/20,Pizza,4,4
3/12/20,Coronavirus,95,54
3/12/20,Stimulus,0,19
3/12/20,Trump,10,0
3/12/20,Weather,19,4
3/12/20,Pizza,4,4
3/13/20,Pizza,5,95
3/13/20,Stimulus,0,0
3/13/20,Coronavirus,85,10
3/13/20,Trump,13,19
3/13/20,Weather,20,4
3/14/20,Weather,20,5
3/14/20,Pizza,7,0
3/14/20,Trump,8,85
3/14/20,Stimulus,0,13
3/14/20,Coronavirus,78,20
3/15/20,Stimulus,0,20
3/15/20,Weather,18,7
3/15/20,Coronavirus,100,8
3/15/20,Pizza,6,0
3/15/20,Trump,6,78
3/16/20,Stimulus,0,0
3/16/20,Weather,16,18
3/16/20,Coronavirus,96,100
3/16/20,Trump,8,6
3/16/20,Pizza,4,6
3/17/20,Weather,15,0
3/17/20,Trump,7,16
3/17/20,Coronavirus,83,96
3/17/20,Pizza,4,8
3/17/20,Stimulus,2,4
3/18/20,Trump,9,15
3/18/20,Coronavirus,78,7
3/18/20,Stimulus,4,83
3/18/20,Pizza,4,4
3/18/20,Weather,16,2
3/19/20,Stimulus,4,9
3/19/20,Trump,8,78
3/19/20,Coronavirus,76,4
3/19/20,Pizza,5,4
3/19/20,Weather,18,16
3/20/20,Trump,7,4
3/20/20,Coronavirus,75,8
3/20/20,Pizza,6,76
3/20/20,Stimulus,4,5
3/20/20,Weather,17,18
3/21/20,Weather,16,7
3/21/20,Trump,7,75
3/21/20,Pizza,7,6
3/21/20,Stimulus,4,4
3/21/20,Coronavirus,73,17
3/22/20,Trump,7,16
3/22/20,Stimulus,4,7
3/22/20,Coronavirus,77,7
3/22/20,Pizza,6,4
3/22/20,Weather,17,73
3/23/20,Stimulus,6,7
3/23/20,Pizza,4,4
3/23/20,Weather,16,77
3/23/20,Coronavirus,70,6
3/23/20,Trump,6,17
3/24/20,Pizza,4,6
3/24/20,Weather,15,4
3/24/20,Trump,7,16
3/24/20,Coronavirus,63,70
3/24/20,Stimulus,6,6
3/25/20,Trump,6,4
3/25/20,Coronavirus,60,15
3/25/20,Pizza,4,7
3/25/20,Weather,14,63
3/25/20,Stimulus,15,6
3/26/20,Pizza,5,6
3/26/20,Coronavirus,59,60
3/26/20,Stimulus,12,4
3/26/20,Trump,5,14
3/26/20,Weather,15,15
3/27/20,Stimulus,10,5
3/27/20,Pizza,7,59
3/27/20,Weather,14,12
3/27/20,Trump,6,5
3/27/20,Coronavirus,59,15
3/28/20,Stimulus,9,10
3/28/20,Weather,18,7
3/28/20,Coronavirus,56,14
3/28/20,Trump,6,6
3/28/20,Pizza,8,59
3/29/20,Coronavirus,55,9
3/29/20,Weather,18,18
3/29/20,Trump,6,56
3/29/20,Stimulus,6,6
3/29/20,Pizza,7,8
3/30/20,Weather,14,55
3/30/20,Trump,5,18
3/30/20,Pizza,4,6
3/30/20,Stimulus,6,6
3/30/20,Coronavirus,49,7
3/31/20,Pizza,5,14
3/31/20,Trump,4,5
3/31/20,Stimulus,6,4
3/31/20,Coronavirus,47,6
3/31/20,Weather,14,49
4/1/20,Pizza,5,5
4/1/20,Coronavirus,47,4
4/1/20,Weather,13,6
4/1/20,Stimulus,6,47
4/1/20,Trump,4,14
4/2/20,Pizza,5,5
4/2/20,Stimulus,6,47
4/2/20,Trump,4,13
4/2/20,Coronavirus,45,6
4/2/20,Weather,14,4
4/3/20,Pizza,7,5
4/3/20,Trump,4,6
4/3/20,Stimulus,6,4
4/3/20,Weather,15,45
4/3/20,Coronavirus,55,14
4/4/20,Pizza,8,7
4/4/20,Weather,16,4
4/4/20,Trump,4,6
4/4/20,Stimulus,5,15
4/4/20,Coronavirus,58,55
4/5/20,Weather,16,8
4/5/20,Stimulus,5,16
4/5/20,Trump,4,4
4/5/20,Coronavirus,58,5
4/5/20,Pizza,7,58
4/6/20,Trump,4,16
4/6/20,Pizza,4,5
4/6/20,Weather,15,4
4/6/20,Coronavirus,58,58
4/6/20,Stimulus,6,7
4/7/20,Stimulus,7,4
4/7/20,Coronavirus,54,4
4/7/20,Weather,16,15
4/7/20,Trump,4,58
4/7/20,Pizza,5,6
4/8/20,Trump,4,7
4/8/20,Coronavirus,50,54
4/8/20,Weather,18,16
4/8/20,Pizza,5,4
4/8/20,Stimulus,7,5
4/9/20,Trump,4,4
4/9/20,Coronavirus,47,50
4/9/20,Pizza,5,18
4/9/20,Stimulus,10,5
4/9/20,Weather,19,7
4/10/20,Pizza,7,4
4/10/20,Stimulus,11,47
4/10/20,Trump,4,5
4/10/20,Coronavirus,45,10
4/10/20,Weather,16,19
4/11/20,Trump,4,7
4/11/20,Stimulus,11,11
4/11/20,Weather,18,4
4/11/20,Pizza,8,45
4/11/20,Coronavirus,36,16
4/12/20,Pizza,6,4
4/12/20,Trump,4,11
4/12/20,Weather,24,18
4/12/20,Stimulus,9,8
4/12/20,Coronavirus,30,36
4/13/20,Trump,5,6
4/13/20,Stimulus,17,4
4/13/20,Pizza,5,24
4/13/20,Weather,23,9
4/13/20,Coronavirus,40,30
4/14/20,Weather,14,5
4/14/20,Trump,6,17
4/14/20,Stimulus,19,5
4/14/20,Coronavirus,43,23
4/14/20,Pizza,5,40
4/15/20,Trump,6,14
4/15/20,Stimulus,36,6
4/15/20,Coronavirus,41,19
4/15/20,Pizza,5,43
4/15/20,Weather,13,5
4/16/20,Stimulus,26,6
4/16/20,Weather,14,36
4/16/20,Trump,5,41
4/16/20,Pizza,6,5
4/16/20,Coronavirus,39,13
4/17/20,Weather,15,26
4/17/20,Coronavirus,40,14
4/17/20,Stimulus,18,5
4/17/20,Trump,5,6
4/17/20,Pizza,8,39
4/18/20,Pizza,8,15
4/18/20,Coronavirus,41,40
4/18/20,Stimulus,14,18
4/18/20,Trump,4,5
4/18/20,Weather,18,8
4/19/20,Pizza,7,8
4/19/20,Trump,5,41
4/19/20,Stimulus,10,14
4/19/20,Coronavirus,30,4
4/19/20,Weather,19,18
4/20/20,Weather,16,7
4/20/20,Trump,4,5
4/20/20,Stimulus,12,10
4/20/20,Coronavirus,35,30
4/20/20,Pizza,5,19
4/21/20,Trump,5,16
4/21/20,Stimulus,12,4
4/21/20,Pizza,5,12
4/21/20,Weather,15,35
4/21/20,Coronavirus,37,5
4/22/20,Pizza,5,5
4/22/20,Trump,4,12
4/22/20,Weather,16,5
4/22/20,Stimulus,12,15
4/22/20,Coronavirus,25,37
4/23/20,Pizza,5,5
4/23/20,Trump,4,4
4/23/20,Weather,17,16
4/23/20,Stimulus,11,12
4/23/20,Coronavirus,33,25
4/24/20,Trump,8,5
4/24/20,Weather,16,4
4/24/20,Stimulus,11,17
4/24/20,Pizza,7,11
4/24/20,Coronavirus,34,33
4/25/20,Coronavirus,23,8
4/25/20,Trump,6,16
4/25/20,Stimulus,9,11
4/25/20,Pizza,8,7
4/25/20,Weather,18,34
4/26/20,Pizza,7,23
4/26/20,Coronavirus,19,6
4/26/20,Stimulus,8,9
4/26/20,Trump,5,8
4/26/20,Weather,17,18
4/27/20,Weather,15,7
4/27/20,Coronavirus,20,19
4/27/20,Pizza,5,8
4/27/20,Stimulus,10,5
4/27/20,Trump,4,17
4/28/20,Coronavirus,19,15
4/28/20,Stimulus,10,20
4/28/20,Trump,4,5
4/28/20,Pizza,5,10
4/28/20,Weather,17,4
4/29/20,Trump,3,19
4/29/20,Coronavirus,18,10
4/29/20,Pizza,5,4
4/29/20,Weather,18,5
4/29/20,Stimulus,10,17
4/30/20,Trump,3,3
4/30/20,Coronavirus,16,18
4/30/20,Pizza,5,5
4/30/20,Weather,14,18
4/30/20,Stimulus,9,10
5/1/20,Coronavirus,17,3
5/1/20,Pizza,7,16
5/1/20,Weather,14,5
5/1/20,Trump,3,14
5/1/20,Stimulus,8,9
5/2/20,Stimulus,7,17
5/2/20,Coronavirus,17,7
5/2/20,Weather,15,14
5/2/20,Trump,3,3
5/2/20,Pizza,8,8
5/3/20,Trump,3,7
5/3/20,Stimulus,6,17
5/3/20,Weather,17,15
5/3/20,Coronavirus,17,3
5/3/20,Pizza,7,8
5/4/20,Pizza,5,3
5/4/20,Stimulus,8,6
5/4/20,Trump,3,17
5/4/20,Weather,16,17
5/4/20,Coronavirus,17,7
5/5/20,Trump,3,5
5/5/20,Weather,15,8
5/5/20,Coronavirus,16,3
5/5/20,Stimulus,8,16
5/5/20,Pizza,5,17
5/6/20,Coronavirus,16,3
5/6/20,Stimulus,7,15
5/6/20,Trump,3,16
5/6/20,Pizza,5,8
5/6/20,Weather,16,5
5/7/20,Coronavirus,16,16
5/7/20,Stimulus,7,7
5/7/20,Trump,3,3
5/7/20,Pizza,5,5
5/7/20,Weather,16,16
5/8/20,Stimulus,6,16
5/8/20,Trump,3,7
5/8/20,Pizza,7,3
5/8/20,Coronavirus,14,5
5/8/20,Weather,18,16
5/9/20,Weather,18,6
5/9/20,Stimulus,6,3
5/9/20,Pizza,8,7
5/9/20,Coronavirus,15,14
5/9/20,Trump,3,18
5/10/20,Coronavirus,14,18
5/10/20,Weather,18,6
5/10/20,Pizza,8,8
5/10/20,Stimulus,4,15
5/10/20,Trump,3,3
5/11/20,Trump,3,14
5/11/20,Weather,17,18
5/11/20,Coronavirus,16,8
5/11/20,Pizza,5,4
5/11/20,Stimulus,7,3
5/12/20,Weather,16,3
5/12/20,Pizza,5,17
5/12/20,Stimulus,8,16
5/12/20,Coronavirus,15,5
5/12/20,Trump,4,7
5/13/20,Stimulus,9,16
5/13/20,Weather,17,5
5/13/20,Coronavirus,15,8
5/13/20,Trump,3,15
5/13/20,Pizza,5,4
5/14/20,Stimulus,6,9
5/14/20,Weather,18,17
5/14/20,Coronavirus,14,15
5/14/20,Trump,3,3
5/14/20,Pizza,5,5
5/15/20,Weather,20,6
5/15/20,Coronavirus,14,18
5/15/20,Trump,3,14
5/15/20,Stimulus,8,3
5/15/20,Pizza,7,5
5/16/20,Pizza,8,20
5/16/20,Weather,21,14
5/16/20,Trump,3,3
5/16/20,Stimulus,11,8
5/16/20,Coronavirus,13,7
5/17/20,Stimulus,7,8
5/17/20,Pizza,7,21
5/17/20,Trump,3,3
5/17/20,Weather,21,11
5/17/20,Coronavirus,14,13
5/18/20,Coronavirus,13,7
5/18/20,Pizza,5,7
5/18/20,Stimulus,8,3
5/18/20,Trump,3,21
5/18/20,Weather,20,14
5/19/20,Stimulus,8,13
5/19/20,Coronavirus,12,5
5/19/20,Weather,17,8
5/19/20,Pizza,5,3
5/19/20,Trump,4,20
5/20/20,Weather,17,8
5/20/20,Pizza,5,12
5/20/20,Stimulus,7,17
5/20/20,Coronavirus,11,5
5/20/20,Trump,4,4
5/21/20,Weather,19,17
5/21/20,Pizza,6,5
5/21/20,Stimulus,6,7
5/21/20,Coronavirus,11,11
5/21/20,Trump,3,4
5/22/20,Stimulus,5,19
5/22/20,Pizza,7,6
5/22/20,Coronavirus,10,6
5/22/20,Weather,21,11
5/22/20,Trump,4,3
5/23/20,Trump,3,5
5/23/20,Weather,25,7
5/23/20,Stimulus,5,10
5/23/20,Pizza,8,21
5/23/20,Coronavirus,10,4
5/24/20,Pizza,8,3
5/24/20,Coronavirus,11,25
5/24/20,Weather,25,5
5/24/20,Trump,3,8
5/24/20,Stimulus,4,10
5/25/20,Pizza,6,8
5/25/20,Stimulus,4,11
5/25/20,Coronavirus,11,25
5/25/20,Trump,4,3
5/25/20,Weather,25,4
5/26/20,Trump,3,6
5/26/20,Coronavirus,11,4
5/26/20,Pizza,5,11
5/26/20,Weather,21,4
5/26/20,Stimulus,5,25
5/27/20,Trump,4,3
5/27/20,Weather,21,11
5/27/20,Coronavirus,10,5
5/27/20,Stimulus,5,21
5/27/20,Pizza,5,5
5/28/20,Weather,21,4
5/28/20,Coronavirus,9,21
5/28/20,Trump,5,10
5/28/20,Stimulus,5,5
5/28/20,Pizza,5,5
5/29/20,Trump,7,21
5/29/20,Weather,20,9
5/29/20,Stimulus,5,5
5/29/20,Pizza,7,5
5/29/20,Coronavirus,9,5
5/30/20,Pizza,8,7
5/30/20,Trump,6,20
5/30/20,Weather,19,5
5/30/20,Coronavirus,8,7
5/30/20,Stimulus,4,9
5/31/20,Stimulus,3,8
5/31/20,Pizza,7,6
5/31/20,Weather,16,19
5/31/20,Coronavirus,8,8
5/31/20,Trump,7,4
6/1/20,Stimulus,4,3
6/1/20,Coronavirus,8,7
6/1/20,Pizza,5,16
6/1/20,Weather,15,8
6/1/20,Trump,10,7
6/2/20,Trump,12,4
6/2/20,Weather,17,8
6/2/20,Stimulus,4,5
6/2/20,Coronavirus,7,15
6/2/20,Pizza,5,10
6/3/20,Stimulus,4,12
6/3/20,Pizza,5,17
6/3/20,Trump,9,4
6/3/20,Coronavirus,7,7
6/3/20,Weather,21,5
6/4/20,Weather,21,4
6/4/20,Trump,8,5
6/4/20,Coronavirus,7,9
6/4/20,Pizza,5,7
6/4/20,Stimulus,4,21
6/5/20,Weather,21,21
6/5/20,Trump,7,8
6/5/20,Stimulus,4,7
6/5/20,Coronavirus,8,5
6/5/20,Pizza,7,4
6/6/20,Weather,22,21
6/6/20,Trump,7,7
6/6/20,Stimulus,3,4
6/6/20,Coronavirus,7,8
6/6/20,Pizza,8,7
6/7/20,Trump,6,22
6/7/20,Coronavirus,8,7
6/7/20,Stimulus,3,3
6/7/20,Pizza,7,7
6/7/20,Weather,20,8
6/8/20,Coronavirus,8,6
6/8/20,Trump,5,8
6/8/20,Weather,17,3
6/8/20,Stimulus,3,7
6/8/20,Pizza,5,20
6/9/20,Weather,20,8
6/9/20,Stimulus,3,5
6/9/20,Trump,5,17
6/9/20,Coronavirus,7,3
6/9/20,Pizza,5,5
6/10/20,Pizza,5,20
6/10/20,Weather,22,3
6/10/20,Stimulus,3,5
6/10/20,Trump,5,7
6/10/20,Coronavirus,8,5
6/11/20,Stimulus,3,5
6/11/20,Trump,5,22
6/11/20,Weather,18,3
6/11/20,Coronavirus,8,5
6/11/20,Pizza,5,8
6/12/20,Stimulus,3,3
6/12/20,Coronavirus,8,5
6/12/20,Trump,5,18
6/12/20,Weather,15,8
6/12/20,Pizza,7,5
6/13/20,Stimulus,2,3
6/13/20,Trump,6,8
6/13/20,Pizza,8,5
6/13/20,Weather,17,15
6/13/20,Coronavirus,8,7
6/14/20,Trump,8,2
6/14/20,Pizza,7,6
6/14/20,Weather,16,8
6/14/20,Coronavirus,8,17
6/14/20,Stimulus,2,8
6/15/20,Trump,7,8
6/15/20,Stimulus,3,7
6/15/20,Weather,15,16
6/15/20,Coronavirus,8,8
6/15/20,Pizza,5,2
6/16/20,Trump,5,7
6/16/20,Weather,14,3
6/16/20,Stimulus,3,15
6/16/20,Coronavirus,8,8
6/16/20,Pizza,5,5
6/17/20,Stimulus,3,5
6/17/20,Coronavirus,8,14
6/17/20,Weather,15,3
6/17/20,Pizza,5,8
6/17/20,Trump,5,5
6/18/20,Coronavirus,8,3
6/18/20,Weather,17,8
6/18/20,Pizza,5,15
6/18/20,Trump,6,5
6/18/20,Stimulus,3,5
6/19/20,Stimulus,2,8
6/19/20,Trump,6,17
6/19/20,Pizza,7,5
6/19/20,Weather,19,6
6/19/20,Coronavirus,8,3
6/20/20,Trump,10,2
6/20/20,Pizza,8,6
6/20/20,Weather,22,7
6/20/20,Stimulus,2,19
6/20/20,Coronavirus,9,8
6/21/20,Weather,20,10
6/21/20,Trump,14,8
6/21/20,Stimulus,2,22
6/21/20,Pizza,8,2
6/21/20,Coronavirus,8,9
6/22/20,Pizza,5,20
6/22/20,Weather,20,14
6/22/20,Coronavirus,9,2
6/22/20,Stimulus,2,8
6/22/20,Trump,7,8
6/23/20,Stimulus,4,5
6/23/20,Trump,6,20
6/23/20,Weather,19,9
6/23/20,Coronavirus,9,2
6/23/20,Pizza,5,7
6/24/20,Stimulus,4,4
6/24/20,Trump,6,6
6/24/20,Coronavirus,10,19
6/24/20,Weather,18,9
6/24/20,Pizza,5,5
6/25/20,Weather,17,4
6/25/20,Stimulus,3,6
6/25/20,Trump,5,10
6/25/20,Pizza,5,18
6/25/20,Coronavirus,11,5
6/26/20,Stimulus,3,17
6/26/20,Pizza,7,3
6/26/20,Coronavirus,12,5
6/26/20,Weather,20,5
6/26/20,Trump,5,11
6/27/20,Coronavirus,11,3
6/27/20,Trump,6,7
6/27/20,Weather,23,12
6/27/20,Pizza,8,20
6/27/20,Stimulus,2,5
6/28/20,Stimulus,2,11
6/28/20,Pizza,8,6
6/28/20,Coronavirus,11,23
6/28/20,Weather,21,8
6/28/20,Trump,8,2
6/29/20,Pizza,5,2
6/29/20,Weather,18,8
6/29/20,Stimulus,3,11
6/29/20,Trump,7,21
6/29/20,Coronavirus,11,8
6/30/20,Trump,6,5
6/30/20,Pizza,5,18
6/30/20,Coronavirus,12,3
6/30/20,Weather,17,7
6/30/20,Stimulus,3,11
7/1/20,Coronavirus,11,6
7/1/20,Weather,17,5
7/1/20,Pizza,5,12
7/1/20,Stimulus,3,17
7/1/20,Trump,5,3
7/2/20,Pizza,6,11
7/2/20,Weather,14,17
7/2/20,Coronavirus,11,5
7/2/20,Stimulus,3,3
7/2/20,Trump,5,5
7/3/20,Trump,5,6
7/3/20,Weather,17,14
7/3/20,Coronavirus,11,11
7/3/20,Stimulus,2,3
7/3/20,Pizza,8,5
7/4/20,Pizza,7,5
7/4/20,Weather,17,17
7/4/20,Stimulus,2,11
7/4/20,Coronavirus,10,2
7/4/20,Trump,8,8
7/5/20,Weather,17,7
7/5/20,Stimulus,2,17
7/5/20,Coronavirus,11,2
7/5/20,Trump,6,10
7/5/20,Pizza,8,8
7/6/20,Weather,18,17
7/6/20,Stimulus,3,2
7/6/20,Coronavirus,11,11
7/6/20,Pizza,5,6
7/6/20,Trump,5,8
7/7/20,Stimulus,3,18
7/7/20,Coronavirus,11,3
7/7/20,Pizza,5,11
7/7/20,Trump,6,5
7/7/20,Weather,18,5
7/8/20,Trump,6,3
7/8/20,Coronavirus,11,11
7/8/20,Pizza,5,5
7/8/20,Weather,17,6
7/8/20,Stimulus,3,18
7/9/20,Coronavirus,10,6
7/9/20,Pizza,5,11
7/9/20,Stimulus,3,5
7/9/20,Weather,18,17
7/9/20,Trump,6,3
7/10/20,Coronavirus,10,10
7/10/20,Trump,5,5
7/10/20,Pizza,7,3
7/10/20,Weather,21,18
7/10/20,Stimulus,3,6
7/11/20,Weather,20,10
7/11/20,Coronavirus,10,5
7/11/20,Stimulus,2,7
7/11/20,Pizza,8,21
7/11/20,Trump,5,3
7/12/20,Pizza,7,20
7/12/20,Weather,18,10
7/12/20,Coronavirus,11,2
7/12/20,Stimulus,2,8
7/12/20,Trump,5,5
7/13/20,Coronavirus,12,7
7/13/20,Trump,5,18
7/13/20,Pizza,5,11
7/13/20,Weather,15,2
7/13/20,Stimulus,3,5
7/14/20,Trump,5,12
7/14/20,Pizza,5,5
7/14/20,Coronavirus,12,5
7/14/20,Weather,14,15
7/14/20,Stimulus,3,3
7/15/20,Coronavirus,10,5
7/15/20,Weather,15,5
7/15/20,Pizza,5,12
7/15/20,Stimulus,3,14
7/15/20,Trump,6,3
7/16/20,Weather,15,10
7/16/20,Pizza,5,15
7/16/20,Stimulus,3,5
7/16/20,Trump,5,3
7/16/20,Coronavirus,9,6
7/17/20,Weather,16,15
7/17/20,Coronavirus,9,5
7/17/20,Stimulus,2,3
7/17/20,Trump,5,5
7/17/20,Pizza,7,9
7/18/20,Trump,5,16
7/18/20,Weather,17,9
7/18/20,Coronavirus,9,2
7/18/20,Stimulus,2,5
7/18/20,Pizza,8,7
7/19/20,Weather,19,5
7/19/20,Coronavirus,9,17
7/19/20,Trump,5,9
7/19/20,Stimulus,2,2
7/19/20,Pizza,8,8
7/20/20,Coronavirus,9,19
7/20/20,Pizza,5,9
7/20/20,Trump,5,5
7/20/20,Weather,16,2
7/20/20,Stimulus,4,8
7/21/20,Stimulus,5,9
7/21/20,Weather,17,5
7/21/20,Pizza,5,5
7/21/20,Trump,5,16
7/21/20,Coronavirus,8,4
7/22/20,Weather,19,5
7/22/20,Pizza,5,17
7/22/20,Stimulus,4,5
7/22/20,Trump,5,5
7/22/20,Coronavirus,8,8
7/23/20,Weather,18,19
7/23/20,Trump,5,5
7/23/20,Stimulus,7,4
7/23/20,Coronavirus,8,5
7/23/20,Pizza,5,8
7/24/20,Pizza,7,18
7/24/20,Weather,18,5
7/24/20,Coronavirus,7,7
7/24/20,Trump,5,8
7/24/20,Stimulus,7,5
7/25/20,Stimulus,4,7
7/25/20,Weather,19,18
7/25/20,Coronavirus,7,7
7/25/20,Pizza,8,5
7/25/20,Trump,4,7
7/26/20,Coronavirus,7,4
7/26/20,Pizza,7,19
7/26/20,Trump,4,7
7/26/20,Weather,18,8
7/26/20,Stimulus,5,4
7/27/20,Pizza,5,7
7/27/20,Coronavirus,8,7
7/27/20,Stimulus,9,4
7/27/20,Weather,18,18
7/27/20,Trump,4,5
7/28/20,Stimulus,8,5
7/28/20,Trump,5,8
7/28/20,Weather,17,9
7/28/20,Pizza,5,18
7/28/20,Coronavirus,7,4
7/29/20,Weather,16,8
7/29/20,Pizza,5,5
7/29/20,Stimulus,7,17
7/29/20,Coronavirus,7,5
7/29/20,Trump,5,7
7/30/20,Pizza,6,16
7/30/20,Stimulus,6,5
7/30/20,Coronavirus,7,7
7/30/20,Weather,18,7
7/30/20,Trump,6,5
7/31/20,Trump,5,6
7/31/20,Pizza,7,6
7/31/20,Weather,19,7
7/31/20,Stimulus,5,18
7/31/20,Coronavirus,7,6
8/1/20,Coronavirus,6,5
8/1/20,Pizza,8,7
8/1/20,Stimulus,4,19
8/1/20,Trump,6,5
8/1/20,Weather,21,7
8/2/20,Coronavirus,6,6
8/2/20,Pizza,8,8
8/2/20,Stimulus,4,4
8/2/20,Trump,5,6
8/2/20,Weather,22,21
8/3/20,Pizza,5,6
8/3/20,Trump,4,8
8/3/20,Stimulus,5,4
8/3/20,Coronavirus,7,5
8/3/20,Weather,21,22
8/4/20,Trump,5,5
8/4/20,Coronavirus,6,4
8/4/20,Pizza,5,5
8/4/20,Weather,22,7
8/4/20,Stimulus,6,21
8/5/20,Trump,5,5
8/5/20,Weather,14,6
8/5/20,Pizza,5,5
8/5/20,Coronavirus,6,22
8/5/20,Stimulus,6,6
8/6/20,Pizza,5,5
8/6/20,Trump,5,14
8/6/20,Weather,15,5
8/6/20,Coronavirus,6,6
8/6/20,Stimulus,6,6
8/7/20,Trump,5,5
8/7/20,Weather,15,5
8/7/20,Stimulus,8,15
8/7/20,Coronavirus,6,6
8/7/20,Pizza,7,6
8/8/20,Stimulus,8,5
8/8/20,Trump,7,15
8/8/20,Pizza,8,8
8/8/20,Weather,15,6
8/8/20,Coronavirus,5,7
8/9/20,Pizza,7,8
8/9/20,Coronavirus,6,7
8/9/20,Weather,15,8
8/9/20,Stimulus,6,15
8/9/20,Trump,7,5
8/10/20,Coronavirus,5,7
8/10/20,Pizza,5,6
8/10/20,Weather,18,15
8/10/20,Stimulus,6,6
8/10/20,Trump,6,6